{
  "lastUpdated": "2023-12-08T00:00:00.000Z",
  "topAreas": [
    {
      "id": 2,
      "name": "מרכז",
      "areas": [
        {
          "id": 1,
          "name": "אזור תל אביב יפו",
          "cities": [
            { "id": 5000, "name": "תל אביב יפו" }
          ]
        },
        {
          "id": 3,
          "name": "אזור רמת גן וגבעתיים",
          "cities": [
            { "id": 6300, "name": "גבעתיים" },
            { "id": 8600, "name": "רמת גן" }
          ]
        },
        {
          "id": 4,
          "name": "פתח תקווה והסביבה",
          "cities": [
            { "id": 7900, "name": "פתח תקווה" }
          ]
        },
        {
          "id": 9,
          "name": "אזור ראשון לציון והסביבה",
          "cities": [
            { "id": 8300, "name": "ראשון לציון" }
          ]
        },
        {
          "id": 11,
          "name": "אזור חולון ובת ים",
          "cities": [
            { "id": 6200, "name": "בת ים" },
            { "id": 6600, "name": "חולון" }
          ]
        },
        {
          "id": 71,
          "name": "אזור ראש העין והסביבה",
          "cities": [
            { "id": 1309, "name": "אלעד" },
            { "id": 2640, "name": "ראש העין" }
          ]
        },
        {
          "id": 78,
          "name": "אזור בני ברק וגבעת שמואל",
          "cities": [
            { "id": 6100, "name": "בני ברק" }
          ]
        }
      ]
    },
    {
      "id": 19,
      "name": "השרון",
      "areas": [
        {
          "id": 17,
          "name": "אזור נתניה והסביבה",
          "cities": [
            { "id": 7400, "name": "נתניה" }
          ]
        },
        {
          "id": 18,
          "name": "אזור רמת השרון והרצליה",
          "cities": [
            { "id": 6400, "name": "הרצליה" },
            { "id": 2650, "name": "רמת השרון" }
          ]
        },
        {
          "id": 42,
          "name": "אזור רעננה וכפר סבא",
          "cities": [
            { "id": 6900, "name": "כפר סבא" },
            { "id": 8700, "name": "רעננה" }
          ]
        },
        {
          "id": 54,
          "name": "אזור הוד השרון והסביבה",
          "cities": [
            { "id": 9700, "name": "הוד השרון" }
          ]
        }
      ]
    },
    {
      "id": 25,
      "name": "חיפה והסביבה",
      "areas": [
        {
          "id": 5,
          "name": "אזור חיפה והסביבה",
          "cities": [
            { "id": 4000, "name": "חיפה" }
          ]
        },
        {
          "id": 14,
          "name": "אזור טבריה והסביבה",
          "cities": [
            { "id": 6700, "name": "טבריה" }
          ]
        },
        {
          "id": 20,
          "name": "אזור צפת והסביבה",
          "cities": [
            { "id": 8000, "name": "צפת" }
          ]
        },
        {
          "id": 53,
          "name": "אזור כרמיאל והסביבה",
          "cities": [
            { "id": 1139, "name": "כרמיאל" }
          ]
        },
        {
          "id": 68,
          "name": "אזור עכו נהריה והסביבה",
          "cities": [
            { "id": 9100, "name": "נהריה" },
            { "id": 7600, "name": "עכו" }
          ]
        },
        {
          "id": 83,
          "name": "אזור קצרין והגולן",
          "cities": [
            { "id": 4100, "name": "קצרין" }
          ]
        },
        {
          "id": 91,
          "name": "אזור מגדל העמק והסביבה",
          "cities": [
            { "id": 874, "name": "מגדל העמק" }
          ]
        }
      ]
    },
    {
      "id": 41,
      "name": "דרום",
      "areas": [
        {
          "id": 12,
          "name": "אזור נס ציונה ורחובות",
          "cities": [
            { "id": 7200, "name": "נס ציונה" },
            { "id": 8400, "name": "רחובות" }
          ]
        },
        {
          "id": 21,
          "name": "אזור אשדוד, אשקלון והסביבה",
          "cities": [
            { "id": 70, "name": "אשדוד" },
            { "id": 7100, "name": "אשקלון" }
          ]
        },
        {
          "id": 52,
          "name": "אזור גדרה - יבנה והסביבה",
          "cities": [
            { "id": 2660, "name": "יבנה" }
          ]
        }
      ]
    },
    {
      "id": 43,
      "name": "באר שבע והדרום",
      "areas": [
        {
          "id": 22,
          "name": "אזור באר שבע והסביבה",
          "cities": [
            { "id": 9000, "name": "באר שבע" }
          ]
        },
        {
          "id": 24,
          "name": "אזור אילת והערבה",
          "cities": [
            { "id": 2600, "name": "אילת" }
          ]
        },
        {
          "id": 85,
          "name": "אזור אופקים והסביבה",
          "cities": [
            { "id": 31, "name": "אופקים" }
          ]
        },
        {
          "id": 89,
          "name": "אזור דימונה והסביבה",
          "cities": [
            { "id": 2200, "name": "דימונה" }
          ]
        }
      ]
    },
    {
      "id": 75,
      "name": "יהודה ושומרון",
      "areas": [
        {
          "id": 77,
          "name": "אזור אריאל וישובי יהודה",
          "cities": [
            { "id": 3570, "name": "אריאל" },
            { "id": 3797, "name": "מודיעין עילית" }
          ]
        },
        {
          "id": 80,
          "name": "אזור ביתר עילית והסביבה",
          "cities": [
            { "id": 3780, "name": "ביתר עילית" }
          ]
        }
      ]
    },
    {
      "id": 100,
      "name": "מחוז ירושלים",
      "areas": [
        {
          "id": 7,
          "name": "אזור ירושלים",
          "cities": [
            { "id": 3000, "name": "ירושלים" }
          ]
        },
        {
          "id": 69,
          "name": "אזור בית שמש והסביבה",
          "cities": [
            { "id": 2610, "name": "בית שמש" }
          ]
        },
        {
          "id": 86,
          "name": "אזור מבשרת ציון והסביבה",
          "cities": [
            { "id": 1015, "name": "מבשרת ציון" }
          ]
        },
        {
          "id": 90,
          "name": "אזור מעלה אדומים והסביבה",
          "cities": [
            { "id": 3616, "name": "מעלה אדומים" }
          ]
        }
      ]
    },
    {
      "id": 101,
      "name": "חדרה, זכרון והעמקים",
      "areas": [
        {
          "id": 13,
          "name": "אזור עפולה והעמקים",
          "cities": [
            { "id": 7700, "name": "עפולה" }
          ]
        },
        {
          "id": 15,
          "name": "אזור חדרה והסביבה",
          "cities": [
            { "id": 6500, "name": "חדרה" }
          ]
        },
        {
          "id": 16,
          "name": "אזור קיסריה והסביבה",
          "cities": [
            { "id": 1020, "name": "אור עקיבא" },
            { "id": 1167, "name": "קיסריה" }
          ]
        }
      ]
    }
  ]
}
